{"Losses/train_all_loss": 31.36319923400879, "Losses/train_all_loss_mask": 0.8996481895446777, "Losses/train_all_loss_dice": 5.872550010681152, "Losses/train_all_loss_iou": 0.04128660261631012, "Losses/train_all_loss_class": 7.456398010253906, "Losses/train_all_core_loss": 31.36319923400879, "Trainer/where": 0.0, "Trainer/epoch": 0, "Trainer/steps_train": 1}
{"Losses/train_all_loss": 45.33868408203125, "Losses/train_all_loss_mask": 0.8431466817855835, "Losses/train_all_loss_dice": 13.924090385437012, "Losses/train_all_loss_iou": 2.7498905658721924, "Losses/train_all_loss_class": 11.801773071289062, "Losses/train_all_core_loss": 45.33868408203125, "Trainer/where": 0.1, "Trainer/epoch": 1, "Trainer/steps_train": 2}
{"Losses/train_all_loss": 40.05270767211914, "Losses/train_all_loss_mask": 0.6490795016288757, "Losses/train_all_loss_dice": 13.749480247497559, "Losses/train_all_loss_iou": 2.658416748046875, "Losses/train_all_loss_class": 10.663220405578613, "Losses/train_all_core_loss": 40.05270767211914, "Trainer/where": 0.2, "Trainer/epoch": 2, "Trainer/steps_train": 3}
{"Losses/train_all_loss": 27.633737564086914, "Losses/train_all_loss_mask": 0.6321243643760681, "Losses/train_all_loss_dice": 5.974142551422119, "Losses/train_all_loss_iou": 0.036759499460458755, "Losses/train_all_loss_class": 8.980348587036133, "Losses/train_all_core_loss": 27.633737564086914, "Trainer/where": 0.3, "Trainer/epoch": 3, "Trainer/steps_train": 4}
{"Losses/train_all_loss": 28.17315673828125, "Losses/train_all_loss_mask": 0.6104167699813843, "Losses/train_all_loss_dice": 6.00959587097168, "Losses/train_all_loss_iou": 0.03853010758757591, "Losses/train_all_loss_class": 9.916695594787598, "Losses/train_all_core_loss": 28.17315673828125, "Trainer/where": 0.4, "Trainer/epoch": 4, "Trainer/steps_train": 5}
{"Losses/train_all_loss": 42.906166076660156, "Losses/train_all_loss_mask": 0.9958935976028442, "Losses/train_all_loss_dice": 13.882122993469238, "Losses/train_all_loss_iou": 1.9594529867172241, "Losses/train_all_loss_class": 7.146722793579102, "Losses/train_all_core_loss": 42.906166076660156, "Trainer/where": 0.5, "Trainer/epoch": 5, "Trainer/steps_train": 6}
{"Losses/train_all_loss": 29.690670013427734, "Losses/train_all_loss_mask": 0.5071759819984436, "Losses/train_all_loss_dice": 6.068477630615234, "Losses/train_all_loss_iou": 0.019770801067352295, "Losses/train_all_loss_class": 13.458902359008789, "Losses/train_all_core_loss": 29.690670013427734, "Trainer/where": 0.6, "Trainer/epoch": 6, "Trainer/steps_train": 7}
{"Losses/train_all_loss": 34.062442779541016, "Losses/train_all_loss_mask": 0.8882952928543091, "Losses/train_all_loss_dice": 5.957630157470703, "Losses/train_all_loss_iou": 0.019186843186616898, "Losses/train_all_loss_class": 10.319720268249512, "Losses/train_all_core_loss": 34.062442779541016, "Trainer/where": 0.7, "Trainer/epoch": 7, "Trainer/steps_train": 8}
{"Losses/train_all_loss": 46.10502624511719, "Losses/train_all_loss_mask": 0.9000647068023682, "Losses/train_all_loss_dice": 11.481415748596191, "Losses/train_all_loss_iou": 1.0871522426605225, "Losses/train_all_loss_class": 15.535163879394531, "Losses/train_all_core_loss": 46.10502624511719, "Trainer/where": 0.8, "Trainer/epoch": 8, "Trainer/steps_train": 9}
{"Losses/train_all_loss": 28.236915588378906, "Losses/train_all_loss_mask": 0.7624759674072266, "Losses/train_all_loss_dice": 5.891297340393066, "Losses/train_all_loss_iou": 0.04358946904540062, "Losses/train_all_loss_class": 7.0525102615356445, "Losses/train_all_core_loss": 28.236915588378906, "Trainer/where": 0.9, "Trainer/epoch": 9, "Trainer/steps_train": 10}
