{
    "foreground_intensity_properties_per_channel": {
        "0": {
            "max": 3000.0,
            "mean": -33.667884826660156,
            "median": -57.0,
            "min": -1000.0,
            "percentile_00_5": -146.5,
            "percentile_99_5": 134.25,
            "std": 73.5470199584961
        }
    },
    "median_relative_size_after_cropping": 1.0,
    "shapes_after_crop": [
        [
            71,
            256,
            256
        ],
        [
            5,
            256,
            256
        ],
        [
            9,
            256,
            256
        ],
        [
            5,
            256,
            256
        ],
        [
            5,
            256,
            256
        ],
        [
            5,
            256,
            256
        ],
        [
            79,
            256,
            256
        ],
        [
            126,
            256,
            256
        ],
        [
            25,
            256,
            256
        ],
        [
            27,
            256,
            256
        ],
        [
            28,
            256,
            256
        ],
        [
            25,
            256,
            256
        ],
        [
            29,
            256,
            256
        ],
        [
            4,
            256,
            256
        ],
        [
            28,
            256,
            256
        ],
        [
            29,
            256,
            256
        ],
        [
            28,
            256,
            256
        ],
        [
            20,
            256,
            256
        ],
        [
            16,
            256,
            256
        ],
        [
            21,
            256,
            256
        ],
        [
            5,
            256,
            256
        ],
        [
            18,
            256,
            256
        ],
        [
            25,
            256,
            256
        ],
        [
            23,
            256,
            256
        ],
        [
            26,
            256,
            256
        ],
        [
            17,
            256,
            256
        ],
        [
            18,
            256,
            256
        ],
        [
            23,
            256,
            256
        ],
        [
            14,
            256,
            256
        ],
        [
            8,
            256,
            256
        ],
        [
            17,
            256,
            256
        ],
        [
            8,
            256,
            256
        ],
        [
            12,
            256,
            256
        ],
        [
            30,
            256,
            256
        ],
        [
            30,
            256,
            256
        ],
        [
            30,
            256,
            256
        ],
        [
            30,
            256,
            256
        ],
        [
            30,
            256,
            256
        ],
        [
            30,
            256,
            256
        ],
        [
            30,
            256,
            256
        ],
        [
            30,
            256,
            256
        ],
        [
            30,
            256,
            256
        ],
        [
            30,
            256,
            256
        ],
        [
            30,
            256,
            256
        ],
        [
            30,
            256,
            256
        ],
        [
            30,
            256,
            256
        ],
        [
            17,
            256,
            256
        ],
        [
            30,
            256,
            256
        ],
        [
            30,
            256,
            256
        ],
        [
            30,
            256,
            256
        ],
        [
            30,
            256,
            256
        ],
        [
            28,
            256,
            256
        ],
        [
            28,
            256,
            256
        ],
        [
            30,
            256,
            256
        ],
        [
            3,
            256,
            256
        ],
        [
            30,
            256,
            256
        ],
        [
            29,
            256,
            256
        ],
        [
            28,
            256,
            256
        ],
        [
            28,
            256,
            256
        ],
        [
            28,
            256,
            256
        ],
        [
            29,
            256,
            256
        ],
        [
            29,
            256,
            256
        ]
    ],